ID,c_numerical
test_00000,7
test_00001,5
test_00002,3
test_00003,3
test_00004,5
test_00005,0
test_00006,2
test_00007,5
test_00008,0
test_00009,6
test_00010,2
test_00011,4
test_00012,8
test_00013,10
test_00014,9
test_00015,2
test_00016,3
test_00017,2
test_00018,1
test_00019,8
test_00020,11
test_00021,12
test_00022,14
test_00023,2
test_00024,18
test_00025,2
test_00026,10
test_00027,20
test_00028,1
test_00029,3
test_00030,3
test_00031,2
test_00032,1
test_00033,17
test_00034,3
test_00035,3
test_00036,3
test_00037,1
test_00038,2
test_00039,15
test_00040,3
test_00041,11
test_00042,1
test_00043,14
test_00044,3
test_00045,12
test_00046,3
test_00047,2
test_00048,2
test_00049,4
test_00050,19
test_00051,6
test_00052,2
test_00053,3
test_00054,8
test_00055,7
test_00056,0
test_00057,0
test_00058,9
test_00059,1
test_00060,6
test_00061,6
test_00062,2
test_00063,11
test_00064,0
test_00065,4
test_00066,0
test_00067,2
test_00068,3
test_00069,1
test_00070,7
test_00071,2
test_00072,15
test_00073,4
test_00074,7
test_00075,0
test_00076,3
test_00077,1
test_00078,0
test_00079,2
test_00080,2
test_00081,14
test_00082,2
test_00083,1
test_00084,2
test_00085,5
test_00086,0
test_00087,1
test_00088,12
test_00089,5
test_00090,6
test_00091,5
test_00092,0
test_00093,4
test_00094,6
test_00095,3
test_00096,4
test_00097,8
test_00098,6
test_00099,0
test_00100,1
test_00101,1
test_00102,7
test_00103,6
test_00104,7
test_00105,10
test_00106,5
test_00107,21
test_00108,1
test_00109,0
test_00110,3
test_00111,0
test_00112,8
test_00113,2
test_00114,7
test_00115,1
test_00116,1
test_00117,6
test_00118,3
test_00119,7
test_00120,2
test_00121,0
test_00122,7
test_00123,5
test_00124,0
test_00125,2
test_00126,2
test_00127,11
test_00128,11
test_00129,2
test_00130,0
test_00131,7
test_00132,10
test_00133,2
test_00134,6
test_00135,0
test_00136,10
test_00137,0
test_00138,1
test_00139,6
test_00140,2
test_00141,9
test_00142,8
test_00143,0
test_00144,2
test_00145,4
test_00146,8
test_00147,12
test_00148,2
test_00149,0
test_00150,1
test_00151,4
test_00152,7
test_00153,1
test_00154,7
test_00155,3
test_00156,2
test_00157,15
test_00158,5
test_00159,4
test_00160,1
test_00161,0
test_00162,1
test_00163,5
test_00164,1
test_00165,1
test_00166,1
test_00167,17
test_00168,3
test_00169,20
test_00170,2
test_00171,3
test_00172,2
test_00173,4
test_00174,1
test_00175,5
test_00176,4
test_00177,6
test_00178,7
test_00179,0
test_00180,9
test_00181,19
test_00182,1
test_00183,1
test_00184,1
test_00185,7
test_00186,3
test_00187,1
test_00188,0
test_00189,2
test_00190,0
test_00191,6
test_00192,27
test_00193,6
test_00194,12
test_00195,2
test_00196,0
test_00197,6
test_00198,6
test_00199,3
test_00200,3
test_00201,1
test_00202,2
test_00203,4
test_00204,0
test_00205,1
test_00206,4
test_00207,6
test_00208,7
test_00209,7
test_00210,2
test_00211,6
test_00212,2
test_00213,4
test_00214,7
test_00215,9
test_00216,9
test_00217,4
test_00218,0
test_00219,2
test_00220,16
test_00221,12
test_00222,0
test_00223,4
test_00224,3
test_00225,2
test_00226,8
test_00227,6
test_00228,3
test_00229,14
test_00230,2
test_00231,7
test_00232,1
test_00233,9
test_00234,11
test_00235,10
test_00236,4
test_00237,1
test_00238,6
test_00239,4
test_00240,14
test_00241,4
test_00242,0
test_00243,1
test_00244,5
test_00245,1
test_00246,5
test_00247,6
test_00248,6
test_00249,0
test_00250,2
test_00251,2
test_00252,14
test_00253,7
test_00254,2
test_00255,1
test_00256,0
test_00257,8
test_00258,0
test_00259,5
test_00260,3
test_00261,6
test_00262,2
test_00263,3
test_00264,4
test_00265,0
test_00266,5
test_00267,14
test_00268,7
test_00269,0
test_00270,9
test_00271,1
test_00272,16
test_00273,4
test_00274,7
test_00275,5
test_00276,5
test_00277,6
test_00278,1
test_00279,0
test_00280,2
test_00281,10
test_00282,0
test_00283,22
test_00284,10
test_00285,0
test_00286,7
test_00287,0
test_00288,0
test_00289,6
test_00290,1
test_00291,3
test_00292,2
test_00293,1
test_00294,20
test_00295,0
test_00296,5
test_00297,0
test_00298,0
test_00299,3
test_00300,0
test_00301,2
test_00302,0
test_00303,9
test_00304,6
test_00305,2
test_00306,6
test_00307,1
test_00308,5
test_00309,0
test_00310,5
test_00311,3
test_00312,2
test_00313,4
test_00314,6
test_00315,7
test_00316,11
test_00317,2
test_00318,0
test_00319,4
test_00320,3
test_00321,3
test_00322,6
test_00323,0
test_00324,17
test_00325,5
test_00326,0
test_00327,4
test_00328,1
test_00329,4
test_00330,3
test_00331,2
test_00332,1
test_00333,11
test_00334,8
test_00335,0
test_00336,0
test_00337,16
test_00338,0
test_00339,0
test_00340,5
test_00341,3
test_00342,6
test_00343,6
test_00344,1
test_00345,1
test_00346,6
test_00347,0
test_00348,7
test_00349,10
test_00350,1
test_00351,5
test_00352,7
test_00353,9
test_00354,11
test_00355,4
test_00356,0
test_00357,2
test_00358,11
test_00359,0
test_00360,4
test_00361,12
test_00362,6
test_00363,5
test_00364,8
test_00365,0
test_00366,8
test_00367,0
test_00368,4
test_00369,8
test_00370,13
test_00371,5
test_00372,7
test_00373,2
test_00374,5
test_00375,5
test_00376,4
test_00377,11
test_00378,2
test_00379,0
test_00380,4
test_00381,6
test_00382,3
test_00383,0
test_00384,6
test_00385,1
test_00386,7
test_00387,2
test_00388,0
test_00389,4
test_00390,5
test_00391,7
test_00392,4
test_00393,12
test_00394,1
test_00395,3
test_00396,1
test_00397,11
test_00398,4
test_00399,0
test_00400,4
test_00401,6
test_00402,3
test_00403,3
test_00404,0
test_00405,1
test_00406,5
test_00407,15
test_00408,1
test_00409,20
test_00410,1
test_00411,2
test_00412,6
test_00413,9
test_00414,7
test_00415,6
test_00416,2
test_00417,6
test_00418,0
test_00419,2
test_00420,13
test_00421,12
test_00422,3
test_00423,2
test_00424,12
test_00425,0
test_00426,0
test_00427,12
test_00428,4
test_00429,1
test_00430,1
test_00431,0
test_00432,6
test_00433,4
test_00434,1
test_00435,1
test_00436,8
test_00437,5
test_00438,1
test_00439,1
test_00440,0
test_00441,7
test_00442,2
test_00443,20
test_00444,8
test_00445,4
test_00446,10
test_00447,6
test_00448,12
test_00449,5
test_00450,5
test_00451,1
test_00452,0
test_00453,1
test_00454,10
test_00455,6
test_00456,8
test_00457,0
test_00458,1
test_00459,0
test_00460,4
test_00461,0
test_00462,6
test_00463,4
test_00464,0
test_00465,0
test_00466,6
test_00467,0
test_00468,0
test_00469,1
test_00470,6
test_00471,3
test_00472,11
test_00473,3
test_00474,6
test_00475,5
test_00476,1
test_00477,0
test_00478,0
test_00479,9
test_00480,2
test_00481,6
test_00482,3
test_00483,4
test_00484,12
test_00485,0
test_00486,7
test_00487,12
test_00488,0
test_00489,5
test_00490,0
test_00491,0
test_00492,2
test_00493,13
test_00494,1
test_00495,2
test_00496,6
test_00497,6
test_00498,0
test_00499,5
test_00500,4
test_00501,10
test_00502,2
test_00503,13
test_00504,8
test_00505,2
test_00506,1
test_00507,10
test_00508,5
test_00509,9
test_00510,4
test_00511,3
test_00512,4
test_00513,7
test_00514,6
test_00515,12
test_00516,3
test_00517,3
test_00518,7
test_00519,4
test_00520,3
test_00521,4
test_00522,4
test_00523,6
test_00524,15
test_00525,3
test_00526,1
test_00527,11
test_00528,1
test_00529,0
test_00530,5
test_00531,1
test_00532,0
test_00533,6
test_00534,8
test_00535,2
test_00536,6
test_00537,1
test_00538,7
test_00539,6
test_00540,5
test_00541,0
test_00542,7
test_00543,7
test_00544,13
test_00545,6
test_00546,0
test_00547,1
test_00548,2
test_00549,0
test_00550,10
test_00551,4
test_00552,8
test_00553,0
test_00554,0
test_00555,5
test_00556,0
test_00557,0
test_00558,0
test_00559,2
test_00560,2
test_00561,2
test_00562,3
test_00563,1
test_00564,6
test_00565,14
test_00566,1
test_00567,20
test_00568,0
test_00569,2
test_00570,5
test_00571,14
test_00572,1
test_00573,0
test_00574,2
test_00575,13
test_00576,7
test_00577,7
test_00578,2
test_00579,6
test_00580,5
test_00581,5
test_00582,6
test_00583,20
test_00584,4
test_00585,2
test_00586,1
test_00587,13
test_00588,6
test_00589,6
test_00590,5
test_00591,0
test_00592,1
test_00593,1
test_00594,0
test_00595,13
test_00596,12
test_00597,0
test_00598,2
test_00599,0
test_00600,0
test_00601,0
test_00602,8
test_00603,1
test_00604,10
test_00605,0
test_00606,5
test_00607,7
test_00608,6
test_00609,1
test_00610,9
test_00611,2
test_00612,5
test_00613,0
test_00614,5
test_00615,2
test_00616,4
test_00617,1
test_00618,0
test_00619,0
test_00620,1
test_00621,2
test_00622,2
test_00623,0
test_00624,3
test_00625,0
test_00626,10
test_00627,0
test_00628,8
test_00629,0
test_00630,0
test_00631,14
test_00632,4
test_00633,0
test_00634,10
test_00635,3
test_00636,3
test_00637,13
test_00638,2
test_00639,2
test_00640,5
test_00641,6
test_00642,5
test_00643,7
test_00644,3
test_00645,9
test_00646,22
test_00647,4
test_00648,8
test_00649,2
test_00650,0
test_00651,9
test_00652,4
test_00653,7
test_00654,7
test_00655,0
test_00656,1
test_00657,8
test_00658,16
test_00659,0
test_00660,2
test_00661,0
test_00662,6
test_00663,7
test_00664,0
test_00665,17
test_00666,4
test_00667,0
test_00668,5
test_00669,5
test_00670,2
test_00671,4
test_00672,6
test_00673,15
test_00674,3
test_00675,13
test_00676,1
test_00677,3
test_00678,1
test_00679,6
test_00680,4
test_00681,0
test_00682,14
test_00683,1
test_00684,0
test_00685,0
test_00686,0
test_00687,6
test_00688,0
test_00689,3
test_00690,0
test_00691,1
test_00692,8
test_00693,2
test_00694,3
test_00695,10
test_00696,1
test_00697,0
test_00698,2
test_00699,3
test_00700,2
test_00701,3
test_00702,5
test_00703,5
test_00704,0
test_00705,2
test_00706,1
test_00707,2
test_00708,0
test_00709,12
test_00710,3
test_00711,2
test_00712,3
test_00713,1
test_00714,5
test_00715,10
test_00716,0
test_00717,20
test_00718,10
test_00719,5
test_00720,5
test_00721,2
test_00722,13
test_00723,5
test_00724,4
test_00725,1
test_00726,22
test_00727,7
test_00728,0
test_00729,17
test_00730,1
test_00731,0
test_00732,5
test_00733,1
test_00734,0
test_00735,3
test_00736,6
test_00737,7
test_00738,1
test_00739,0
test_00740,3
test_00741,7
test_00742,12
test_00743,4
test_00744,3
test_00745,10
test_00746,2
test_00747,12
test_00748,11
test_00749,2
test_00750,1
test_00751,14
test_00752,2
test_00753,12
test_00754,0
test_00755,14
test_00756,19
test_00757,0
test_00758,0
test_00759,2
test_00760,2
test_00761,4
test_00762,2
test_00763,3
test_00764,0
test_00765,4
test_00766,10
test_00767,2
test_00768,0
test_00769,9
test_00770,6
test_00771,1
test_00772,0
test_00773,17
test_00774,3
test_00775,11
test_00776,0
test_00777,5
test_00778,1
test_00779,2
test_00780,3
test_00781,3
test_00782,4
test_00783,3
test_00784,6
test_00785,1
test_00786,12
test_00787,13
test_00788,3
test_00789,1
test_00790,6
test_00791,1
test_00792,8
test_00793,0
test_00794,13
test_00795,0
test_00796,4
test_00797,16
test_00798,7
test_00799,2
test_00800,2
test_00801,3
test_00802,5
test_00803,3
test_00804,8
test_00805,6
test_00806,6
test_00807,10
test_00808,5
test_00809,13
test_00810,2
test_00811,1
test_00812,0
test_00813,5
test_00814,11
test_00815,8
test_00816,6
test_00817,8
test_00818,0
test_00819,16
test_00820,11
test_00821,5
test_00822,10
test_00823,0
test_00824,15
test_00825,11
test_00826,11
test_00827,10
test_00828,5
test_00829,0
test_00830,6
test_00831,7
test_00832,0
test_00833,2
test_00834,1
test_00835,4
test_00836,10
test_00837,5
test_00838,3
test_00839,11
test_00840,5
test_00841,9
test_00842,6
test_00843,5
test_00844,13
test_00845,4
test_00846,0
test_00847,20
test_00848,2
test_00849,2
test_00850,1
test_00851,2
test_00852,0
test_00853,6
test_00854,1
test_00855,22
test_00856,6
test_00857,5
test_00858,8
test_00859,0
test_00860,7
test_00861,8
test_00862,9
test_00863,3
test_00864,2
test_00865,4
test_00866,1
test_00867,7
test_00868,5
test_00869,12
test_00870,5
test_00871,0
test_00872,3
test_00873,8
test_00874,0
test_00875,17
test_00876,2
test_00877,14
test_00878,1
test_00879,13
test_00880,0
test_00881,0
test_00882,2
test_00883,0
test_00884,2
test_00885,0
test_00886,14
test_00887,0
test_00888,0
test_00889,4
test_00890,4
test_00891,6
test_00892,0
test_00893,5
test_00894,9
test_00895,7
test_00896,0
test_00897,12
test_00898,2
test_00899,4
test_00900,6
test_00901,13
test_00902,3
test_00903,8
test_00904,3
test_00905,10
test_00906,7
test_00907,2
test_00908,4
test_00909,1
test_00910,2
test_00911,8
test_00912,11
test_00913,1
test_00914,0
test_00915,18
test_00916,9
test_00917,10
test_00918,0
test_00919,17
test_00920,8
test_00921,23
test_00922,20
test_00923,2
test_00924,3
test_00925,11
test_00926,7
test_00927,1
test_00928,11
test_00929,3
test_00930,6
test_00931,4
test_00932,7
test_00933,1
test_00934,3
test_00935,7
test_00936,10
test_00937,23
test_00938,1
test_00939,0
test_00940,11
test_00941,0
test_00942,14
test_00943,2
test_00944,5
test_00945,12
test_00946,7
test_00947,0
test_00948,4
test_00949,4
test_00950,8
test_00951,1
test_00952,0
test_00953,0
test_00954,7
test_00955,0
test_00956,3
test_00957,8
test_00958,1
test_00959,0
test_00960,5
test_00961,0
test_00962,18
test_00963,6
test_00964,2
test_00965,5
test_00966,6
test_00967,0
test_00968,4
test_00969,1
test_00970,16
test_00971,1
test_00972,11
test_00973,0
test_00974,1
test_00975,7
test_00976,6
test_00977,1
test_00978,4
test_00979,3
test_00980,1
test_00981,1
test_00982,8
test_00983,4
test_00984,14
test_00985,4
test_00986,3
test_00987,2
test_00988,8
test_00989,14
test_00990,5
test_00991,5
test_00992,11
test_00993,7
test_00994,3
test_00995,5
test_00996,2
test_00997,5
test_00998,4
test_00999,10
test_01000,0
test_01001,0
test_01002,4
test_01003,4
test_01004,0
test_01005,0
test_01006,17
test_01007,7
test_01008,4
test_01009,3
test_01010,6
test_01011,5
test_01012,2
test_01013,3
test_01014,5
test_01015,4
test_01016,7
test_01017,2
test_01018,2
test_01019,7
test_01020,16
test_01021,12
test_01022,7
test_01023,1
test_01024,0
test_01025,2
test_01026,5
test_01027,0
test_01028,6
test_01029,2
test_01030,10
test_01031,5
test_01032,1
test_01033,4
test_01034,9
test_01035,10
test_01036,1
test_01037,10
test_01038,4
test_01039,15
test_01040,0
test_01041,11
test_01042,0
test_01043,5
test_01044,6
test_01045,7
test_01046,4
test_01047,3
test_01048,0
test_01049,0
test_01050,14
test_01051,5
test_01052,0
test_01053,0
test_01054,2
test_01055,12
test_01056,0
test_01057,4
test_01058,2
test_01059,5
test_01060,8
test_01061,1
test_01062,8
test_01063,1
test_01064,2
test_01065,15
test_01066,1
test_01067,0
test_01068,4
test_01069,4
test_01070,1
test_01071,0
test_01072,0
test_01073,13
test_01074,7
test_01075,4
test_01076,7
test_01077,2
test_01078,1
test_01079,1
test_01080,0
test_01081,6
test_01082,1
test_01083,0
test_01084,6
test_01085,6
test_01086,13
test_01087,4
test_01088,12
test_01089,0
test_01090,12
test_01091,27
test_01092,5
test_01093,16
test_01094,13
test_01095,6
test_01096,0
test_01097,1
test_01098,6
test_01099,6
test_01100,4
test_01101,2
test_01102,3
test_01103,0
test_01104,1
test_01105,1
test_01106,0
test_01107,1
test_01108,1
test_01109,11
test_01110,1
test_01111,13
test_01112,0
test_01113,3
test_01114,6
test_01115,0
test_01116,7
test_01117,6
test_01118,6
test_01119,10
test_01120,7
test_01121,23
test_01122,3
test_01123,9
test_01124,2
test_01125,19
test_01126,8
test_01127,2
test_01128,0
test_01129,4
test_01130,1
test_01131,1
test_01132,1
test_01133,0
test_01134,0
test_01135,2
test_01136,3
test_01137,6
test_01138,0
test_01139,4
test_01140,0
test_01141,14
test_01142,1
test_01143,2
test_01144,14
test_01145,0
test_01146,8
test_01147,0
test_01148,1
test_01149,5
test_01150,11
test_01151,10
test_01152,7
test_01153,0
test_01154,12
test_01155,2
test_01156,17
test_01157,22
test_01158,0
test_01159,16
test_01160,4
test_01161,5
test_01162,0
test_01163,0
test_01164,0
test_01165,8
test_01166,1
test_01167,2
test_01168,2
test_01169,0
test_01170,6
test_01171,5
test_01172,1
test_01173,17
test_01174,15
test_01175,4
test_01176,19
test_01177,9
test_01178,17
test_01179,14
test_01180,24
test_01181,0
test_01182,8
test_01183,0
test_01184,6
test_01185,2
test_01186,10
test_01187,7
test_01188,4
test_01189,4
test_01190,13
test_01191,3
test_01192,4
test_01193,15
test_01194,2
test_01195,8
test_01196,9
test_01197,6
test_01198,12
test_01199,9
test_01200,0
test_01201,1
test_01202,23
test_01203,4
test_01204,3
test_01205,6
test_01206,18
test_01207,1
test_01208,5
test_01209,0
test_01210,0
test_01211,0
test_01212,3
test_01213,2
test_01214,3
test_01215,6
test_01216,9
test_01217,2
test_01218,9
test_01219,9
test_01220,0
test_01221,9
test_01222,1
test_01223,0
test_01224,1
test_01225,8
test_01226,2
test_01227,5
test_01228,4
test_01229,6
test_01230,1
test_01231,12
test_01232,2
test_01233,2
test_01234,0
test_01235,4
test_01236,7
test_01237,13
test_01238,2
test_01239,0
test_01240,4
test_01241,6
test_01242,8
test_01243,0
test_01244,8
test_01245,0
test_01246,5
test_01247,8
test_01248,6
test_01249,18
test_01250,0
test_01251,15
test_01252,6
test_01253,7
test_01254,10
test_01255,2
test_01256,10
test_01257,5
test_01258,1
test_01259,0
test_01260,0
test_01261,0
test_01262,6
test_01263,1
test_01264,3
test_01265,8
test_01266,3
test_01267,3
test_01268,3
test_01269,6
test_01270,1
test_01271,8
test_01272,8
test_01273,2
test_01274,5
test_01275,11
test_01276,12
test_01277,5
test_01278,8
test_01279,2
test_01280,6
test_01281,26
test_01282,0
test_01283,0
test_01284,8
test_01285,1
test_01286,0
test_01287,1
test_01288,10
test_01289,21
test_01290,1
test_01291,1
test_01292,0
test_01293,3
test_01294,12
test_01295,0
test_01296,4
test_01297,5
test_01298,1
test_01299,3
test_01300,19
test_01301,2
test_01302,21
test_01303,1
test_01304,0
test_01305,15
test_01306,2
test_01307,4
test_01308,3
test_01309,6
test_01310,6
test_01311,1
test_01312,5
test_01313,3
test_01314,6
test_01315,1
test_01316,3
test_01317,1
test_01318,3
test_01319,7
test_01320,10
test_01321,13
test_01322,0
test_01323,13
test_01324,6
test_01325,0
test_01326,15
test_01327,0
test_01328,4
test_01329,4
test_01330,5
test_01331,0
test_01332,14
test_01333,3
test_01334,5
test_01335,0
test_01336,2
test_01337,0
test_01338,12
test_01339,1
test_01340,1
test_01341,3
test_01342,3
test_01343,1
test_01344,1
test_01345,3
test_01346,2
test_01347,7
test_01348,3
test_01349,1
test_01350,0
test_01351,15
test_01352,6
test_01353,6
test_01354,7
test_01355,4
test_01356,9
test_01357,2
test_01358,28
test_01359,2
test_01360,0
test_01361,3
test_01362,9
test_01363,10
test_01364,1
test_01365,8
test_01366,7
test_01367,5
test_01368,0
test_01369,2
test_01370,5
test_01371,6
test_01372,3
test_01373,14
test_01374,0
test_01375,0
test_01376,0
test_01377,1
test_01378,6
test_01379,4
test_01380,5
test_01381,1
test_01382,6
test_01383,1
test_01384,13
test_01385,14
test_01386,0
test_01387,2
test_01388,4
test_01389,4
test_01390,0
test_01391,0
test_01392,5
test_01393,1
test_01394,3
test_01395,14
test_01396,8
test_01397,5
test_01398,1
test_01399,2
test_01400,8
test_01401,12
test_01402,11
test_01403,1
test_01404,4
test_01405,3
test_01406,5
test_01407,1
test_01408,3
test_01409,6
test_01410,7
test_01411,5
test_01412,17
test_01413,11
test_01414,2
test_01415,0
test_01416,1
test_01417,0
test_01418,1
test_01419,9
test_01420,3
test_01421,3
test_01422,5
test_01423,0
test_01424,5
test_01425,2
test_01426,7
test_01427,8
test_01428,1
test_01429,3
test_01430,11
test_01431,7
test_01432,10
test_01433,1
test_01434,2
test_01435,18
test_01436,7
test_01437,1
test_01438,3
test_01439,3
test_01440,9
test_01441,11
test_01442,4
test_01443,1
test_01444,7
test_01445,7
test_01446,17
test_01447,1
test_01448,6
test_01449,0
test_01450,15
test_01451,7
test_01452,2
test_01453,0
test_01454,1
test_01455,5
test_01456,1
test_01457,1
test_01458,2
test_01459,9
test_01460,7
test_01461,6
test_01462,0
test_01463,5
test_01464,1
test_01465,5
test_01466,8
test_01467,2
test_01468,0
test_01469,14
test_01470,1
test_01471,3
test_01472,4
test_01473,3
test_01474,12
test_01475,1
test_01476,4
test_01477,2
test_01478,1
test_01479,10
test_01480,1
test_01481,24
test_01482,5
test_01483,0
test_01484,1
test_01485,0
test_01486,8
test_01487,1
test_01488,1
test_01489,9
test_01490,8
test_01491,18
test_01492,10
test_01493,9
test_01494,0
test_01495,14
test_01496,2
test_01497,14
test_01498,1
test_01499,5
test_01500,7
test_01501,6
test_01502,8
test_01503,6
test_01504,1
test_01505,11
test_01506,4
test_01507,10
test_01508,0
test_01509,16
test_01510,20
test_01511,1
test_01512,5
test_01513,7
test_01514,4
test_01515,3
test_01516,1
test_01517,3
test_01518,1
test_01519,3
test_01520,0
test_01521,5
test_01522,4
test_01523,2
test_01524,24
test_01525,1
test_01526,15
test_01527,5
test_01528,2
test_01529,2
test_01530,7
test_01531,4
test_01532,5
test_01533,4
test_01534,1
test_01535,15
test_01536,4
test_01537,1
test_01538,6
test_01539,2
test_01540,4
test_01541,10
test_01542,23
test_01543,1
test_01544,4
test_01545,2
test_01546,12
test_01547,5
test_01548,7
test_01549,0
test_01550,13
test_01551,2
test_01552,8
test_01553,0
test_01554,3
test_01555,2
test_01556,4
test_01557,1
test_01558,1
test_01559,1
test_01560,6
test_01561,1
test_01562,6
test_01563,23
test_01564,5
test_01565,0
test_01566,18
test_01567,1
test_01568,6
test_01569,6
test_01570,5
test_01571,3
test_01572,5
test_01573,0
test_01574,12
test_01575,0
test_01576,10
test_01577,5
test_01578,9
test_01579,5
test_01580,0
test_01581,5
test_01582,6
test_01583,1
test_01584,8
test_01585,1
test_01586,7
test_01587,4
test_01588,7
test_01589,10
test_01590,4
test_01591,9
test_01592,6
test_01593,0
test_01594,0
test_01595,5
test_01596,2
test_01597,14
test_01598,0
test_01599,6
test_01600,5
test_01601,1
test_01602,2
test_01603,13
test_01604,6
test_01605,8
test_01606,6
test_01607,8
test_01608,16
test_01609,7
test_01610,1
test_01611,7
test_01612,6
test_01613,6
test_01614,6
test_01615,2
test_01616,0
test_01617,0
test_01618,7
test_01619,15
test_01620,3
test_01621,6
test_01622,6
test_01623,16
test_01624,3
test_01625,8
test_01626,10
test_01627,0
test_01628,6
test_01629,3
test_01630,6
test_01631,2
test_01632,10
test_01633,0
test_01634,5
test_01635,0
test_01636,12
test_01637,6
test_01638,7
test_01639,4
test_01640,3
test_01641,5
test_01642,12
test_01643,7
test_01644,0
test_01645,1
test_01646,11
test_01647,0
test_01648,14
test_01649,8
test_01650,5
test_01651,12
test_01652,4
test_01653,5
test_01654,2
test_01655,0
test_01656,0
test_01657,10
test_01658,8
test_01659,2
test_01660,13
test_01661,3
test_01662,1
test_01663,2
test_01664,5
test_01665,11
test_01666,6
test_01667,0
test_01668,5
test_01669,9
test_01670,6
test_01671,7
test_01672,8
test_01673,5
test_01674,7
test_01675,2
test_01676,4
test_01677,6
test_01678,3
test_01679,0
test_01680,8
test_01681,5
test_01682,3
test_01683,3
test_01684,5
test_01685,10
test_01686,4
test_01687,7
test_01688,4
test_01689,0
test_01690,3
test_01691,1
test_01692,0
test_01693,6
test_01694,0
test_01695,2
test_01696,7
test_01697,4
test_01698,5
test_01699,7
test_01700,0
test_01701,15
test_01702,4
test_01703,7
test_01704,11
test_01705,3
test_01706,0
test_01707,7
test_01708,9
test_01709,5
test_01710,1
test_01711,8
test_01712,5
test_01713,1
test_01714,5
test_01715,2
test_01716,2
test_01717,0
test_01718,10
test_01719,7
test_01720,8
test_01721,3
test_01722,1
test_01723,7
test_01724,10
test_01725,0
test_01726,17
test_01727,6
test_01728,13
test_01729,4
test_01730,13
test_01731,21
test_01732,7
test_01733,0
test_01734,5
test_01735,1
test_01736,1
test_01737,1
test_01738,4
test_01739,6
test_01740,1
test_01741,1
test_01742,1
test_01743,2
test_01744,0
test_01745,0
test_01746,13
test_01747,2
test_01748,0
test_01749,0
test_01750,12
test_01751,1
test_01752,1
test_01753,12
test_01754,3
test_01755,6
test_01756,3
test_01757,3
test_01758,3
test_01759,19
test_01760,8
test_01761,2
test_01762,1
test_01763,5
test_01764,3
test_01765,4
test_01766,1
test_01767,3
test_01768,1
test_01769,8
test_01770,12
test_01771,2
test_01772,5
test_01773,15
test_01774,5
test_01775,2
test_01776,3
test_01777,0
test_01778,0
test_01779,18
test_01780,1
test_01781,1
test_01782,2
test_01783,15
test_01784,10
test_01785,2
test_01786,7
test_01787,1
test_01788,20
test_01789,1
test_01790,3
test_01791,5
test_01792,1
test_01793,6
test_01794,6
test_01795,0
test_01796,1
test_01797,0
test_01798,0
test_01799,12
test_01800,9
test_01801,3
test_01802,1
test_01803,5
test_01804,1
test_01805,0
test_01806,5
test_01807,2
test_01808,0
test_01809,2
test_01810,0
test_01811,4
test_01812,6
test_01813,0
test_01814,0
test_01815,6
test_01816,0
test_01817,1
test_01818,6
test_01819,2
test_01820,25
test_01821,9
test_01822,1
test_01823,9
test_01824,2
test_01825,9
test_01826,4
test_01827,2
test_01828,15
test_01829,13
test_01830,3
test_01831,2
test_01832,8
test_01833,19
test_01834,7
test_01835,1
test_01836,2
test_01837,26
test_01838,4
test_01839,11
test_01840,3
test_01841,1
test_01842,4
test_01843,6
test_01844,2
test_01845,2
test_01846,15
test_01847,0
test_01848,21
test_01849,2
test_01850,8
test_01851,3
test_01852,4
test_01853,4
test_01854,5
test_01855,12
test_01856,3
test_01857,8
test_01858,0
test_01859,1
test_01860,1
test_01861,4
test_01862,10
test_01863,5
test_01864,22
test_01865,0
test_01866,1
test_01867,20
test_01868,0
test_01869,13
test_01870,7
test_01871,4
test_01872,1
test_01873,6
test_01874,11
test_01875,6
test_01876,0
test_01877,6
test_01878,0
test_01879,13
test_01880,4
test_01881,16
test_01882,10
test_01883,4
test_01884,7
test_01885,4
test_01886,0
test_01887,8
test_01888,4
test_01889,1
test_01890,0
test_01891,0
test_01892,6
test_01893,3
test_01894,0
test_01895,7
test_01896,23
test_01897,1
test_01898,9
test_01899,3
test_01900,6
test_01901,8
test_01902,0
test_01903,0
test_01904,6
test_01905,1
test_01906,0
test_01907,7
test_01908,14
test_01909,5
test_01910,0
test_01911,2
test_01912,0
test_01913,13
test_01914,1
test_01915,1
test_01916,14
test_01917,2
test_01918,8
test_01919,3
test_01920,2
test_01921,13
test_01922,3
test_01923,12
test_01924,8
test_01925,4
test_01926,15
test_01927,3
test_01928,6
test_01929,9
test_01930,9
test_01931,10
test_01932,1
test_01933,7
test_01934,12
test_01935,5
test_01936,4
test_01937,2
test_01938,16
test_01939,0
test_01940,5
test_01941,9
test_01942,13
test_01943,13
test_01944,2
test_01945,0
test_01946,8
test_01947,6
test_01948,0
test_01949,7
test_01950,4
test_01951,0
test_01952,9
test_01953,1
test_01954,1
test_01955,18
test_01956,13
test_01957,4
test_01958,2
test_01959,5
test_01960,1
test_01961,4
test_01962,0
test_01963,3
test_01964,7
test_01965,0
test_01966,18
test_01967,8
test_01968,2
test_01969,2
test_01970,6
test_01971,5
test_01972,4
test_01973,7
test_01974,2
test_01975,7
test_01976,21
test_01977,7
test_01978,1
test_01979,0
test_01980,1
test_01981,5
test_01982,0
test_01983,2
test_01984,2
test_01985,2
test_01986,4
test_01987,7
test_01988,5
test_01989,0
test_01990,10
test_01991,10
test_01992,9
test_01993,3
test_01994,2
test_01995,3
test_01996,1
test_01997,1
test_01998,1
test_01999,3
test_02000,7
test_02001,13
test_02002,1
test_02003,26
test_02004,0
test_02005,4
test_02006,10
test_02007,8
test_02008,9
test_02009,1
test_02010,2
test_02011,10
test_02012,2
test_02013,13
test_02014,6
test_02015,0
test_02016,2
test_02017,0
test_02018,5
test_02019,0
test_02020,5
test_02021,12
test_02022,5
test_02023,2
test_02024,11
test_02025,14
test_02026,10
test_02027,10
test_02028,4
test_02029,0
test_02030,4
test_02031,0
test_02032,0
test_02033,6
test_02034,5
test_02035,5
test_02036,4
test_02037,0
test_02038,4
test_02039,0
test_02040,12
test_02041,8
test_02042,0
test_02043,6
test_02044,2
test_02045,7
test_02046,11
test_02047,9
test_02048,3
test_02049,11
test_02050,4
test_02051,6
test_02052,2
test_02053,2
test_02054,3
test_02055,0
test_02056,3
test_02057,17
test_02058,10
test_02059,5
test_02060,17
test_02061,21
test_02062,2
test_02063,3
test_02064,2
test_02065,2
test_02066,0
test_02067,5
test_02068,13
test_02069,1
test_02070,4
test_02071,1
test_02072,11
test_02073,7
test_02074,0
test_02075,0
test_02076,15
test_02077,1
test_02078,1
test_02079,13
test_02080,4
test_02081,0
test_02082,3
test_02083,15
test_02084,0
test_02085,1
test_02086,13
test_02087,8
test_02088,7
test_02089,0
test_02090,4
test_02091,1
test_02092,2
test_02093,3
test_02094,6
test_02095,5
test_02096,0
test_02097,0
test_02098,5
test_02099,6
test_02100,1
test_02101,2
test_02102,2
test_02103,7
test_02104,12
test_02105,13
test_02106,1
test_02107,0
test_02108,0
test_02109,11
test_02110,4
test_02111,7
test_02112,2
test_02113,1
test_02114,2
test_02115,3
test_02116,9
test_02117,18
test_02118,10
test_02119,2
test_02120,0
test_02121,1
test_02122,2
test_02123,3
test_02124,0
test_02125,4
test_02126,6
test_02127,11
test_02128,0
test_02129,13
test_02130,0
test_02131,6
test_02132,1
test_02133,8
test_02134,8
test_02135,17
test_02136,8
test_02137,1
test_02138,4
test_02139,7
test_02140,7
test_02141,3
test_02142,2
test_02143,1
test_02144,5
test_02145,10
test_02146,0
test_02147,1
test_02148,0
test_02149,17
test_02150,27
test_02151,11
test_02152,23
test_02153,3
test_02154,19
test_02155,5
test_02156,0
test_02157,14
test_02158,2
test_02159,5
test_02160,14
test_02161,1
test_02162,24
test_02163,3
test_02164,12
test_02165,7
test_02166,0
test_02167,5
test_02168,2
test_02169,4
test_02170,2
test_02171,6
test_02172,12
test_02173,0
test_02174,0
test_02175,5
test_02176,11
test_02177,0
test_02178,4
test_02179,0
test_02180,4
test_02181,32
test_02182,0
test_02183,1
test_02184,0
test_02185,0
test_02186,9
test_02187,3
test_02188,2
test_02189,13
test_02190,1
test_02191,0
test_02192,0
test_02193,1
test_02194,2
test_02195,0
test_02196,4
test_02197,2
test_02198,5
test_02199,9
test_02200,12
test_02201,12
test_02202,2
test_02203,3
test_02204,11
test_02205,2
test_02206,5
test_02207,5
test_02208,7
test_02209,0
test_02210,5
test_02211,3
test_02212,7
test_02213,1
test_02214,9
test_02215,5
test_02216,1
test_02217,2
test_02218,10
test_02219,1
test_02220,0
test_02221,8
test_02222,5
test_02223,2
test_02224,7
test_02225,3
test_02226,13
test_02227,2
test_02228,11
test_02229,6
test_02230,6
test_02231,0
test_02232,7
test_02233,1
test_02234,0
test_02235,9
test_02236,8
test_02237,0
test_02238,2
test_02239,12
test_02240,11
test_02241,6
test_02242,3
test_02243,3
test_02244,7
test_02245,7
test_02246,5
test_02247,11
test_02248,6
test_02249,3
test_02250,12
test_02251,2
test_02252,7
test_02253,0
test_02254,0
test_02255,1
test_02256,11
test_02257,10
test_02258,4
test_02259,2
test_02260,6
test_02261,0
test_02262,1
test_02263,1
test_02264,0
test_02265,2
test_02266,11
test_02267,0
test_02268,13
test_02269,1
test_02270,1
test_02271,3
test_02272,1
test_02273,2
test_02274,5
test_02275,5
test_02276,5
test_02277,16
test_02278,1
test_02279,14
test_02280,11
test_02281,2
test_02282,24
test_02283,7
test_02284,1
test_02285,5
test_02286,6
test_02287,5
test_02288,7
test_02289,5
test_02290,1
test_02291,1
test_02292,9
test_02293,0
test_02294,5
test_02295,21
test_02296,2
test_02297,0
test_02298,3
test_02299,1
test_02300,0
test_02301,0
test_02302,5
test_02303,1
test_02304,8
test_02305,11
test_02306,9
test_02307,2
test_02308,11
test_02309,1
test_02310,3
test_02311,3
test_02312,0
test_02313,1
test_02314,2
test_02315,3
test_02316,4
test_02317,6
test_02318,6
test_02319,14
test_02320,0
test_02321,3
test_02322,2
test_02323,11
test_02324,8
test_02325,2
test_02326,0
test_02327,2
test_02328,6
test_02329,7
test_02330,5
test_02331,0
test_02332,0
test_02333,15
test_02334,5
test_02335,11
test_02336,6
test_02337,10
test_02338,2
test_02339,18
test_02340,1
test_02341,1
test_02342,19
test_02343,3
test_02344,2
test_02345,3
test_02346,3
test_02347,0
test_02348,6
test_02349,8
test_02350,3
test_02351,16
test_02352,7
test_02353,14
test_02354,4
test_02355,3
test_02356,7
test_02357,7
test_02358,9
test_02359,4
test_02360,1
test_02361,5
test_02362,0
test_02363,19
test_02364,5
test_02365,0
test_02366,0
test_02367,6
test_02368,0
test_02369,2
test_02370,0
test_02371,1
test_02372,1
test_02373,6
test_02374,0
test_02375,2
test_02376,0
test_02377,2
test_02378,7
test_02379,0
test_02380,3
test_02381,0
test_02382,6
test_02383,2
test_02384,2
test_02385,4
test_02386,1
test_02387,10
test_02388,2
test_02389,1
test_02390,5
test_02391,2
test_02392,2
test_02393,15
test_02394,6
test_02395,5
test_02396,2
test_02397,2
test_02398,4
test_02399,9
test_02400,8
test_02401,8
test_02402,1
test_02403,11
test_02404,1
test_02405,10
test_02406,0
test_02407,5
test_02408,6
test_02409,9
test_02410,5
test_02411,3
test_02412,14
test_02413,0
test_02414,10
test_02415,1
test_02416,10
test_02417,1
test_02418,3
test_02419,7
test_02420,14
test_02421,17
test_02422,14
test_02423,6
test_02424,5
test_02425,24
test_02426,6
test_02427,0
test_02428,6
test_02429,3
test_02430,2
test_02431,6
test_02432,2
test_02433,1
test_02434,2
test_02435,1
test_02436,16
test_02437,7
test_02438,1
test_02439,5
test_02440,9
test_02441,0
test_02442,4
test_02443,8
test_02444,0
test_02445,0
test_02446,7
test_02447,6
test_02448,4
test_02449,2
test_02450,11
test_02451,8
test_02452,9
test_02453,3
test_02454,7
test_02455,4
test_02456,7
test_02457,20
test_02458,8
test_02459,7
test_02460,4
test_02461,0
test_02462,8
test_02463,4
test_02464,1
test_02465,3
test_02466,15
test_02467,1
test_02468,1
test_02469,8
test_02470,1
test_02471,5
test_02472,3
test_02473,1
test_02474,8
test_02475,5
test_02476,11
test_02477,5
test_02478,5
test_02479,1
test_02480,10
test_02481,1
test_02482,12
test_02483,10
test_02484,11
test_02485,5
test_02486,3
test_02487,9
test_02488,0
test_02489,12
test_02490,7
test_02491,1
test_02492,7
test_02493,16
test_02494,0
test_02495,2
test_02496,7
test_02497,13
test_02498,1
test_02499,14
test_02500,2
test_02501,2
test_02502,7
test_02503,5
test_02504,18
test_02505,3
test_02506,8
test_02507,5
test_02508,0
test_02509,2
test_02510,3
test_02511,1
test_02512,7
test_02513,0
test_02514,10
test_02515,1
test_02516,5
test_02517,0
test_02518,7
test_02519,6
test_02520,9
test_02521,6
test_02522,18
test_02523,10
test_02524,0
test_02525,6
test_02526,1
test_02527,13
test_02528,16
test_02529,6
test_02530,0
test_02531,15
test_02532,4
test_02533,6
test_02534,5
test_02535,3
test_02536,11
test_02537,11
test_02538,7
test_02539,14
test_02540,6
test_02541,3
test_02542,1
test_02543,0
test_02544,0
test_02545,7
test_02546,1
test_02547,3
test_02548,4
test_02549,4
test_02550,1
test_02551,5
test_02552,1
test_02553,6
test_02554,2
test_02555,7
test_02556,10
test_02557,4
test_02558,16
test_02559,0
test_02560,9
test_02561,2
test_02562,4
test_02563,21
test_02564,1
test_02565,7
test_02566,2
test_02567,4
test_02568,0
test_02569,8
test_02570,9
test_02571,4
test_02572,4
test_02573,9
test_02574,13
test_02575,6
test_02576,19
test_02577,8
test_02578,3
test_02579,6
test_02580,9
test_02581,7
test_02582,1
test_02583,5
test_02584,0
test_02585,3
test_02586,12
test_02587,4
test_02588,2
test_02589,13
test_02590,0
test_02591,8
test_02592,27
test_02593,2
test_02594,10
test_02595,18
test_02596,0
test_02597,1
test_02598,2
test_02599,0
test_02600,6
test_02601,2
test_02602,3
test_02603,5
test_02604,0
test_02605,0
test_02606,7
test_02607,7
test_02608,1
test_02609,15
test_02610,5
test_02611,8
test_02612,5
test_02613,9
test_02614,0
test_02615,3
test_02616,8
test_02617,7
test_02618,1
test_02619,9
test_02620,6
test_02621,0
test_02622,4
test_02623,7
test_02624,2
test_02625,14
test_02626,1
test_02627,5
test_02628,12
test_02629,12
test_02630,14
test_02631,6
test_02632,8
test_02633,0
test_02634,1
test_02635,0
test_02636,12
test_02637,0
test_02638,1
test_02639,0
test_02640,11
test_02641,2
test_02642,1
test_02643,4
test_02644,7
test_02645,0
test_02646,0
test_02647,2
test_02648,1
test_02649,19
test_02650,7
test_02651,8
test_02652,1
test_02653,10
test_02654,9
test_02655,18
test_02656,12
test_02657,7
test_02658,0
test_02659,1
test_02660,0
test_02661,1
test_02662,1
test_02663,4
test_02664,2
test_02665,9
test_02666,4
test_02667,7
test_02668,10
test_02669,1
test_02670,7
test_02671,3
test_02672,4
test_02673,10
test_02674,19
test_02675,0
test_02676,5
test_02677,3
test_02678,4
test_02679,12
test_02680,18
test_02681,10
test_02682,2
test_02683,2
test_02684,8
test_02685,2
test_02686,8
test_02687,1
test_02688,0
test_02689,8
test_02690,6
test_02691,14
test_02692,16
test_02693,2
test_02694,15
test_02695,0
test_02696,4
test_02697,0
test_02698,10
test_02699,7
test_02700,0
test_02701,2
test_02702,3
test_02703,4
test_02704,0
test_02705,4
test_02706,15
test_02707,1
test_02708,0
test_02709,4
test_02710,13
test_02711,8
test_02712,9
test_02713,8
test_02714,0
test_02715,0
test_02716,3
test_02717,5
test_02718,2
test_02719,10
test_02720,12
test_02721,10
test_02722,0
test_02723,7
test_02724,2
test_02725,7
test_02726,0
test_02727,2
test_02728,23
test_02729,1
test_02730,7
test_02731,10
test_02732,13
test_02733,0
test_02734,6
test_02735,18
test_02736,2
test_02737,2
test_02738,9
test_02739,0
test_02740,13
test_02741,5
test_02742,7
test_02743,7
test_02744,6
test_02745,1
test_02746,6
test_02747,0
test_02748,17
test_02749,1
test_02750,1
test_02751,2
test_02752,8
test_02753,3
test_02754,0
test_02755,1
test_02756,5
test_02757,7
test_02758,7
test_02759,5
test_02760,4
test_02761,0
test_02762,13
test_02763,1
test_02764,0
test_02765,5
test_02766,8
test_02767,4
test_02768,0
test_02769,4
test_02770,2
test_02771,10
test_02772,0
test_02773,11
test_02774,6
test_02775,18
test_02776,3
test_02777,2
test_02778,3
test_02779,0
test_02780,0
test_02781,19
test_02782,7
test_02783,10
test_02784,2
test_02785,8
test_02786,7
test_02787,8
test_02788,3
test_02789,2
test_02790,5
test_02791,1
test_02792,15
test_02793,1
test_02794,4
test_02795,1
test_02796,6
test_02797,6
test_02798,15
test_02799,1
test_02800,6
test_02801,15
test_02802,9
test_02803,4
test_02804,3
test_02805,4
test_02806,5
test_02807,7
test_02808,3
test_02809,10
test_02810,10
test_02811,1
test_02812,8
test_02813,2
test_02814,7
test_02815,4
test_02816,3
test_02817,6
test_02818,0
test_02819,1
test_02820,21
test_02821,0
test_02822,6
test_02823,6
test_02824,6
test_02825,14
test_02826,0
test_02827,8
test_02828,12
test_02829,3
test_02830,1
test_02831,5
test_02832,0
test_02833,18
test_02834,0
test_02835,1
test_02836,7
test_02837,0
test_02838,1
test_02839,6
test_02840,6
test_02841,11
test_02842,5
test_02843,6
test_02844,7
test_02845,2
test_02846,2
test_02847,5
test_02848,1
test_02849,12
test_02850,6
test_02851,0
test_02852,4
test_02853,2
test_02854,2
test_02855,3
test_02856,11
test_02857,20
test_02858,1
test_02859,7
test_02860,3
test_02861,0
test_02862,0
test_02863,2
test_02864,1
test_02865,4
test_02866,10
test_02867,0
test_02868,4
test_02869,0
test_02870,5
test_02871,7
test_02872,0
test_02873,12
test_02874,0
test_02875,7
test_02876,0
test_02877,6
test_02878,2
test_02879,4
test_02880,5
test_02881,5
test_02882,1
test_02883,4
test_02884,0
test_02885,13
test_02886,6
test_02887,2
test_02888,16
test_02889,9
test_02890,4
test_02891,0
test_02892,0
test_02893,14
test_02894,0
test_02895,5
test_02896,6
test_02897,2
test_02898,2
test_02899,4
test_02900,2
test_02901,7
test_02902,5
test_02903,7
test_02904,7
test_02905,0
test_02906,1
test_02907,0
test_02908,0
test_02909,7
test_02910,3
test_02911,0
test_02912,7
test_02913,7
test_02914,8
test_02915,13
test_02916,10
test_02917,1
test_02918,0
test_02919,12
test_02920,13
test_02921,0
test_02922,1
test_02923,1
test_02924,10
test_02925,1
test_02926,10
test_02927,1
test_02928,6
test_02929,10
test_02930,7
test_02931,4
test_02932,1
test_02933,8
test_02934,4
test_02935,0
test_02936,4
test_02937,6
test_02938,7
test_02939,7
test_02940,1
test_02941,2
test_02942,12
test_02943,6
test_02944,0
test_02945,3
test_02946,3
test_02947,8
test_02948,6
test_02949,4
test_02950,0
test_02951,12
test_02952,12
test_02953,5
test_02954,3
test_02955,5
test_02956,1
test_02957,1
test_02958,0
test_02959,0
test_02960,5
test_02961,5
test_02962,1
test_02963,7
test_02964,2
test_02965,22
test_02966,15
test_02967,0
test_02968,3
test_02969,2
test_02970,2
test_02971,7
test_02972,3
test_02973,3
test_02974,5
test_02975,9
test_02976,2
test_02977,3
test_02978,9
test_02979,11
test_02980,1
test_02981,4
test_02982,2
test_02983,0
test_02984,18
test_02985,8
test_02986,10
test_02987,3
test_02988,1
test_02989,12
test_02990,6
test_02991,1
test_02992,0
test_02993,0
test_02994,7
test_02995,1
test_02996,21
test_02997,6
test_02998,1
test_02999,1
test_03000,2
test_03001,1
test_03002,8
test_03003,6
test_03004,6
test_03005,5
test_03006,11
test_03007,0
test_03008,12
test_03009,9
test_03010,1
test_03011,1
test_03012,3
test_03013,15
test_03014,10
test_03015,8
test_03016,2
test_03017,6
test_03018,9
test_03019,0
test_03020,0
test_03021,2
test_03022,8
test_03023,0
test_03024,9
test_03025,6
test_03026,1
test_03027,2
test_03028,22
test_03029,13
test_03030,4
test_03031,0
test_03032,3
test_03033,9
test_03034,18
test_03035,0
test_03036,19
test_03037,0
test_03038,3
test_03039,2
test_03040,10
test_03041,1
test_03042,4
test_03043,9
test_03044,5
test_03045,6
test_03046,0
test_03047,5
test_03048,5
test_03049,16
test_03050,4
test_03051,6
test_03052,10
test_03053,3
test_03054,1
test_03055,1
test_03056,1
test_03057,2
test_03058,7
test_03059,4
test_03060,8
test_03061,2
test_03062,6
test_03063,13
test_03064,4
test_03065,2
test_03066,0
test_03067,0
test_03068,20
test_03069,11
test_03070,8
test_03071,2
test_03072,5
test_03073,7
test_03074,2
test_03075,9
test_03076,4
test_03077,0
test_03078,6
test_03079,2
test_03080,2
test_03081,10
test_03082,0
test_03083,12
test_03084,5
test_03085,2
test_03086,1
test_03087,2
test_03088,0
test_03089,20
test_03090,19
test_03091,12
test_03092,4
test_03093,0
test_03094,9
test_03095,0
test_03096,10
test_03097,1
test_03098,1
test_03099,0
test_03100,0
test_03101,14
test_03102,0
test_03103,1
test_03104,4
test_03105,2
test_03106,0
test_03107,5
test_03108,2
test_03109,7
test_03110,0
test_03111,1
test_03112,2
test_03113,4
test_03114,2
test_03115,0
test_03116,11
test_03117,14
test_03118,0
test_03119,0
test_03120,6
test_03121,4
test_03122,4
test_03123,0
test_03124,2
test_03125,3
test_03126,11
test_03127,17
test_03128,1
test_03129,2
test_03130,7
test_03131,1
test_03132,6
test_03133,5
test_03134,7
test_03135,24
test_03136,3
test_03137,1
test_03138,4
test_03139,4
test_03140,4
test_03141,12
test_03142,2
test_03143,1
test_03144,6
test_03145,11
test_03146,17
test_03147,0
test_03148,1
test_03149,2
test_03150,1
test_03151,11
test_03152,9
test_03153,5
test_03154,4
test_03155,0
test_03156,4
test_03157,16
test_03158,4
test_03159,15
test_03160,1
test_03161,0
test_03162,6
test_03163,3
test_03164,6
test_03165,2
test_03166,8
test_03167,5
test_03168,1
test_03169,5
test_03170,1
test_03171,5
test_03172,6
test_03173,0
test_03174,2
test_03175,4
test_03176,10
test_03177,4
test_03178,3
test_03179,2
test_03180,0
test_03181,1
test_03182,1
test_03183,1
test_03184,6
test_03185,2
test_03186,0
test_03187,1
test_03188,15
test_03189,3
test_03190,5
test_03191,3
test_03192,12
test_03193,10
test_03194,2
test_03195,0
test_03196,3
test_03197,1
test_03198,5
test_03199,8
test_03200,6
test_03201,14
test_03202,11
test_03203,5
test_03204,1
test_03205,10
test_03206,0
test_03207,1
test_03208,11
test_03209,2
test_03210,8
test_03211,12
test_03212,15
test_03213,10
test_03214,7
test_03215,2
test_03216,6
test_03217,2
test_03218,0
test_03219,6
test_03220,0
test_03221,5
test_03222,1
test_03223,4
test_03224,2
test_03225,5
test_03226,1
test_03227,0
test_03228,2
test_03229,1
test_03230,23
test_03231,11
test_03232,1
test_03233,20
test_03234,2
test_03235,1
test_03236,7
test_03237,8
test_03238,3
test_03239,0
test_03240,5
test_03241,0
test_03242,2
test_03243,3
test_03244,8
test_03245,5
test_03246,7
test_03247,8
test_03248,10
test_03249,2
test_03250,1
test_03251,25
test_03252,3
test_03253,4
test_03254,16
test_03255,6
test_03256,2
test_03257,0
test_03258,6
test_03259,12
test_03260,3
test_03261,0
test_03262,5
test_03263,4
test_03264,3
test_03265,12
test_03266,1
test_03267,5
test_03268,2
test_03269,1
test_03270,15
test_03271,6
test_03272,0
test_03273,4
test_03274,14
test_03275,6
test_03276,7
test_03277,13
test_03278,2
test_03279,2
test_03280,6
test_03281,1
test_03282,7
test_03283,7
test_03284,2
test_03285,2
test_03286,4
test_03287,6
test_03288,5
test_03289,6
test_03290,10
test_03291,3
test_03292,2
test_03293,9
test_03294,1
test_03295,9
test_03296,6
test_03297,3
test_03298,4
test_03299,4
test_03300,2
test_03301,3
test_03302,3
test_03303,14
test_03304,0
test_03305,16
test_03306,10
test_03307,6
test_03308,0
test_03309,1
test_03310,8
test_03311,12
test_03312,0
test_03313,9
test_03314,5
test_03315,4
test_03316,0
test_03317,15
test_03318,2
test_03319,4
test_03320,1
test_03321,4
test_03322,9
test_03323,1
test_03324,8
test_03325,1
test_03326,18
test_03327,2
test_03328,16
test_03329,5
test_03330,0
test_03331,1
test_03332,2
test_03333,1
test_03334,7
test_03335,9
test_03336,3
test_03337,14
test_03338,9
test_03339,10
test_03340,3
test_03341,0
test_03342,7
test_03343,1
test_03344,1
test_03345,4
test_03346,6
test_03347,6
test_03348,5
test_03349,0
test_03350,0
test_03351,3
test_03352,3
test_03353,1
test_03354,0
test_03355,3
test_03356,7
test_03357,11
test_03358,5
test_03359,8
test_03360,12
test_03361,0
test_03362,4
test_03363,1
test_03364,8
test_03365,7
test_03366,1
test_03367,7
test_03368,14
test_03369,1
test_03370,0
test_03371,3
test_03372,4
test_03373,0
test_03374,3
test_03375,5
test_03376,0
test_03377,17
test_03378,4
test_03379,7
test_03380,5
test_03381,3
test_03382,6
test_03383,3
test_03384,3
test_03385,2
test_03386,0
test_03387,1
test_03388,2
test_03389,1
test_03390,0
test_03391,11
test_03392,6
test_03393,0
test_03394,0
test_03395,12
test_03396,4
test_03397,14
test_03398,0
test_03399,12
test_03400,0
test_03401,3
test_03402,6
test_03403,2
test_03404,1
test_03405,0
test_03406,4
test_03407,0
test_03408,7
test_03409,0
test_03410,10
test_03411,7
test_03412,1
test_03413,1
test_03414,0
test_03415,9
test_03416,0
test_03417,0
test_03418,17
test_03419,2
test_03420,1
test_03421,4
test_03422,1
test_03423,7
test_03424,7
test_03425,1
test_03426,9
test_03427,1
test_03428,3
test_03429,1
test_03430,7
test_03431,4
test_03432,2
test_03433,4
test_03434,5
test_03435,9
test_03436,4
test_03437,0
test_03438,0
test_03439,1
test_03440,0
test_03441,2
test_03442,5
test_03443,1
test_03444,1
test_03445,1
test_03446,1
test_03447,0
test_03448,1
test_03449,9
test_03450,0
test_03451,2
test_03452,0
test_03453,0
test_03454,1
test_03455,8
test_03456,1
test_03457,0
test_03458,6
test_03459,5
test_03460,25
test_03461,7
test_03462,2
test_03463,5
test_03464,0
test_03465,30
test_03466,8
test_03467,1
test_03468,8
test_03469,3
test_03470,3
test_03471,5
test_03472,0
test_03473,2
test_03474,3
test_03475,12
test_03476,1
test_03477,2
test_03478,17
test_03479,1
test_03480,2
test_03481,7
test_03482,4
test_03483,1
test_03484,4
test_03485,7
test_03486,5
test_03487,1
test_03488,0
test_03489,7
test_03490,7
test_03491,3
test_03492,2
test_03493,1
test_03494,1
test_03495,0
test_03496,4
test_03497,1
test_03498,5
test_03499,6
test_03500,2
test_03501,0
test_03502,14
test_03503,9
test_03504,2
test_03505,12
test_03506,16
test_03507,3
test_03508,6
test_03509,9
test_03510,7
test_03511,0
test_03512,2
test_03513,2
test_03514,10
test_03515,8
test_03516,1
test_03517,1
test_03518,8
test_03519,9
test_03520,6
test_03521,8
test_03522,1
test_03523,3
test_03524,10
test_03525,0
test_03526,1
test_03527,10
test_03528,0
test_03529,1
test_03530,8
test_03531,1
test_03532,16
test_03533,10
test_03534,8
test_03535,0
test_03536,3
test_03537,7
test_03538,7
test_03539,6
test_03540,1
test_03541,1
test_03542,1
test_03543,2
test_03544,2
test_03545,7
test_03546,4
test_03547,8
test_03548,4
test_03549,2
test_03550,4
test_03551,5
test_03552,1
test_03553,11
test_03554,8
test_03555,10
test_03556,0
test_03557,2
test_03558,5
test_03559,3
test_03560,1
test_03561,0
test_03562,6
test_03563,5
test_03564,9
test_03565,2
test_03566,6
test_03567,5
test_03568,0
test_03569,2
test_03570,7
test_03571,1
test_03572,1
test_03573,7
test_03574,13
test_03575,1
test_03576,8
test_03577,3
test_03578,2
test_03579,8
test_03580,5
test_03581,12
test_03582,11
test_03583,0
test_03584,8
test_03585,19
test_03586,10
test_03587,6
test_03588,2
test_03589,1
test_03590,5
test_03591,8
test_03592,2
test_03593,4
test_03594,7
test_03595,2
test_03596,5
test_03597,0
test_03598,6
test_03599,4
test_03600,5
test_03601,2
test_03602,0
test_03603,20
test_03604,5
test_03605,1
test_03606,4
test_03607,5
test_03608,1
test_03609,13
test_03610,6
test_03611,24
test_03612,0
test_03613,5
test_03614,2
test_03615,2
test_03616,0
test_03617,1
test_03618,0
test_03619,1
test_03620,2
test_03621,0
test_03622,19
test_03623,1
test_03624,0
test_03625,6
test_03626,4
test_03627,3
test_03628,0
test_03629,6
test_03630,7
test_03631,6
test_03632,2
test_03633,6
test_03634,9
test_03635,0
test_03636,4
test_03637,1
test_03638,2
test_03639,7
test_03640,0
test_03641,3
test_03642,0
test_03643,24
test_03644,9
test_03645,0
test_03646,7
test_03647,1
test_03648,7
test_03649,8
test_03650,1
test_03651,1
test_03652,0
test_03653,16
test_03654,15
test_03655,13
test_03656,1
test_03657,13
test_03658,6
test_03659,8
test_03660,1
test_03661,4
test_03662,4
test_03663,0
test_03664,0
test_03665,0
test_03666,2
test_03667,2
test_03668,7
test_03669,1
test_03670,4
test_03671,4
test_03672,3
test_03673,2
test_03674,9
test_03675,8
test_03676,10
test_03677,0
test_03678,8
test_03679,5
test_03680,32
test_03681,32
test_03682,12
test_03683,10
test_03684,7
test_03685,3
test_03686,2
test_03687,17
test_03688,5
test_03689,1
test_03690,17
test_03691,1
test_03692,5
test_03693,1
test_03694,0
test_03695,2
test_03696,11
test_03697,8
test_03698,6
test_03699,3
test_03700,0
test_03701,1
test_03702,8
test_03703,8
test_03704,4
test_03705,1
test_03706,1
test_03707,0
test_03708,3
test_03709,12
test_03710,2
test_03711,2
test_03712,1
test_03713,2
test_03714,14
test_03715,0
test_03716,0
test_03717,8
test_03718,8
test_03719,15
test_03720,8
test_03721,6
test_03722,7
test_03723,11
test_03724,1
test_03725,6
test_03726,2
test_03727,0
test_03728,0
test_03729,2
test_03730,3
test_03731,13
test_03732,4
test_03733,3
test_03734,7
test_03735,13
test_03736,13
test_03737,3
test_03738,3
test_03739,0
test_03740,6
test_03741,1
test_03742,17
test_03743,3
test_03744,0
test_03745,3
test_03746,7
test_03747,14
test_03748,1
test_03749,10
test_03750,0
test_03751,13
test_03752,3
test_03753,1
test_03754,7
test_03755,7
test_03756,15
test_03757,1
test_03758,2
test_03759,4
test_03760,6
test_03761,16
test_03762,4
test_03763,0
test_03764,2
test_03765,6
test_03766,2
test_03767,0
test_03768,3
test_03769,11
test_03770,4
test_03771,17
test_03772,7
test_03773,5
test_03774,9
test_03775,4
test_03776,7
test_03777,6
test_03778,2
test_03779,1
test_03780,4
test_03781,1
test_03782,7
test_03783,4
test_03784,12
test_03785,0
test_03786,0
test_03787,0
test_03788,2
test_03789,6
test_03790,7
test_03791,6
test_03792,1
test_03793,6
test_03794,1
test_03795,3
test_03796,5
test_03797,7
test_03798,3
test_03799,4
test_03800,18
test_03801,7
test_03802,6
test_03803,4
test_03804,1
test_03805,0
test_03806,9
test_03807,0
test_03808,9
test_03809,5
test_03810,2
test_03811,1
test_03812,2
test_03813,0
test_03814,5
test_03815,6
test_03816,9
test_03817,6
test_03818,2
test_03819,6
test_03820,6
test_03821,13
test_03822,2
test_03823,1
test_03824,0
test_03825,8
test_03826,4
test_03827,5
test_03828,0
test_03829,9
test_03830,1
test_03831,0
test_03832,3
test_03833,0
test_03834,3
test_03835,1
test_03836,11
test_03837,3
test_03838,0
test_03839,2
test_03840,23
test_03841,1
test_03842,18
test_03843,13
test_03844,0
test_03845,5
test_03846,3
test_03847,7
test_03848,1
test_03849,8
test_03850,4
test_03851,1
test_03852,0
test_03853,0
test_03854,1
test_03855,12
test_03856,1
test_03857,0
test_03858,1
test_03859,16
test_03860,1
test_03861,0
test_03862,31
test_03863,18
test_03864,10
test_03865,3
test_03866,12
test_03867,2
test_03868,4
test_03869,3
test_03870,13
test_03871,0
test_03872,13
test_03873,2
test_03874,3
test_03875,4
test_03876,6
test_03877,0
test_03878,6
test_03879,14
test_03880,0
test_03881,12
test_03882,4
test_03883,17
test_03884,1
test_03885,11
test_03886,11
test_03887,8
test_03888,5
test_03889,8
test_03890,0
test_03891,14
test_03892,3
test_03893,4
test_03894,11
test_03895,9
test_03896,1
test_03897,0
test_03898,16
test_03899,3
test_03900,1
test_03901,1
test_03902,0
test_03903,5
test_03904,2
test_03905,4
test_03906,5
test_03907,3
test_03908,1
test_03909,0
test_03910,4
test_03911,2
test_03912,16
test_03913,1
test_03914,0
test_03915,15
test_03916,2
test_03917,2
test_03918,2
test_03919,8
test_03920,12
test_03921,3
test_03922,6
test_03923,14
test_03924,3
test_03925,7
test_03926,6
test_03927,17
test_03928,1
test_03929,0
test_03930,1
test_03931,14
test_03932,6
test_03933,6
test_03934,8
test_03935,1
test_03936,29
test_03937,3
test_03938,1
test_03939,4
test_03940,0
test_03941,1
test_03942,0
test_03943,1
test_03944,3
test_03945,2
test_03946,3
test_03947,14
test_03948,2
test_03949,1
test_03950,3
test_03951,6
test_03952,0
test_03953,13
test_03954,7
test_03955,7
test_03956,9
test_03957,3
test_03958,5
test_03959,5
test_03960,7
test_03961,2
test_03962,0
test_03963,1
test_03964,4
test_03965,6
test_03966,5
test_03967,0
test_03968,13
test_03969,10
test_03970,0
test_03971,8
test_03972,1
test_03973,3
test_03974,2
test_03975,9
test_03976,1
test_03977,1
test_03978,10
test_03979,3
test_03980,0
test_03981,1
test_03982,4
test_03983,14
test_03984,6
test_03985,14
test_03986,5
test_03987,16
test_03988,14
test_03989,0
test_03990,14
test_03991,4
test_03992,2
test_03993,7
test_03994,4
test_03995,3
test_03996,14
test_03997,5
test_03998,7
test_03999,6
